year,income_rate,savings_rate,mortgage_rate,ownership_rate
2022,0.7115384615384616,0.36538461538461536,0.23076923076923078,0.23076923076923078
