total_households,income_qualified_rate,savings_capable_rate,mortgage_eligible_rate,ownership_rate
52,0.7115384615384616,0.5135135135135135,0.631578947368421,0.23076923076923078
